{
  "pose": {
    "x": 96.0016073048144,
    "y": -3.866803979235556e-07,
    "z": -7.266724219397187
  },
  "extra": {
      "quat": {
            "imag": 0,
            "jmag": -0.7051904854360495,
            "kmag": 0,
            "real": 0.7090179727450017
          }
    }
}
