{
  "pose": {
    "x": 91.07653481486331,
    "y": -3.154587002729414e-08,
    "z": -0.5928284439389931
  },
  "extra": {
      "quat": {
            "imag": 0,
            "jmag": -0.9929782893903868,
            "kmag": 0,
            "real": 0.11829718181049191
          }
    }
}
