{
  "pose": {
    "x": 59.012538351165254,
    "y": 1.5114887794709375e-06,
    "z": 28.404781265710135
  },
  "extra": {
      "quat": {
            "imag": 0,
            "jmag": -0.9304121607554162,
            "kmag": 0,
            "real": -0.36651509865679555
          }
    }
}
