{
  "pose": {
    "x": 93.57256987310146,
    "y": 1.3536811727110631e-08,
    "z": 0.2543916849892041
  },
  "extra": {
      "quat": {
            "imag": 0,
            "jmag": -0.9944816705916159,
            "kmag": 0,
            "real": 0.10491097789207728
          }
    }
}
