{
  "pose": {
    "x": 0.010591374100681636,
    "y": -8.524599255654852e-11,
    "z": -0.0016019925564948496
  },
  "extra": {
      "quat": {
            "imag": 0,
            "jmag": 0.011509220737346112,
            "kmag": 0,
            "real": 0.999933819941591
          }
    }
}
