{
  "pose": {
    "x": 39.94224987656666,
    "y": -3.267899311154565e-07,
    "z": -6.141227535130132
  },
  "extra": {
      "quat": {
            "imag": 0,
            "jmag": 0.9910498114337307,
            "kmag": 0,
            "real": 0.13349298738933738
          }
    }
}
