{
  "pose": {
    "x": 43.86958836053357,
    "y": 8.425749928875348e-07,
    "z": 15.834162142428486
  },
  "extra": {
      "quat": {
            "imag": 0,
            "jmag": -0.5599507461897881,
            "kmag": 0,
            "real": 0.8285259611300436
          }
    }
}
