{
  "pose": {
    "x": -4.288971219823338,
    "y": 1.6391175972074734e-07,
    "z": 3.08032566906085
  },
  "extra": {
      "quat": {
            "imag": 0,
            "jmag": -0.9653910540155055,
            "kmag": 0,
            "real": 0.2608068619722155
          }
    }
}
