{
  "pose": {
    "x": 70.95302443769101,
    "y": 6.045234375307018e-07,
    "z": 11.360558043347648
  },
  "extra": {
      "quat": {
            "imag": 0,
            "jmag": -0.7562627753906235,
            "kmag": 0,
            "real": -0.654268080364184
          }
    }
}
