{
  "pose": {
    "x": 68.53441597353898,
    "y": 1.6316155146967048e-06,
    "z": 30.662273173303454
  },
  "extra": {
      "quat": {
            "imag": 0,
            "jmag": -0.9791173272445478,
            "kmag": 0,
            "real": -0.20329625159962053
          }
    }
}
