{
  "pose": {
    "x": 63.60111620043617,
    "y": 9.891939711792475e-07,
    "z": 18.589511765430878
  },
  "extra": {
      "quat": {
            "imag": 0,
            "jmag": -0.9180097771998827,
            "kmag": 0,
            "real": 0.39655788403508624
          }
    }
}
