{
  "pose": {
    "x": 97.32399427102548,
    "y": -2.976854771574722e-07,
    "z": -5.594279613678968
  },
  "extra": {
      "quat": {
            "imag": 0,
            "jmag": -0.6737560290651479,
            "kmag": 0,
            "real": 0.738953936130884
          }
    }
}
