{
  "pose": {
    "x": 71.4941452465591,
    "y": 9.380189851526666e-07,
    "z": 17.627801477090397
  },
  "extra": {
      "quat": {
            "imag": 0,
            "jmag": -0.1634297205693871,
            "kmag": 0,
            "real": -0.9865550328590774
          }
    }
}
