{
  "pose": {
    "x": -0.005666600181385561,
    "y": -6.933830159344678e-10,
    "z": -0.013030459250151614
  },
  "extra": {
      "quat": {
            "imag": 0,
            "jmag": 0.0005374749356603168,
            "kmag": 0,
            "real": 0.9999999087728241
          }
    }
}
