{
  "pose": {
    "x": 10.776643066009814,
    "y": 3.848987732979481e-07,
    "z": 7.233242892525218
  },
  "extra": {
      "quat": {
            "imag": 0,
            "jmag": 0.7673856569757889,
            "kmag": 0,
            "real": -0.6411859011962131
          }
    }
}
