{
  "pose": {
    "x": -62569.09238934,
    "y": -19253.43321465821
  },
  "extra": {
      "quat": {
            "imag": 0,
            "jmag": 0,
            "kmag": -0.9079290575255767,
            "real": 0.41912387965936515
          }
    }
}
