{
  "pose": {
    "x": -92471.95000542467,
    "y": -2265.1713447125844
  },
  "extra": {
      "quat": {
            "imag": 0,
            "jmag": 0,
            "kmag": -0.9950487254029969,
            "real": 0.09938829948173572
          }
    }
}
