{
  "pose": {
    "x": -89712.13281772748,
    "y": -15267.704067896053
  },
  "extra": {
      "quat": {
            "imag": 0,
            "jmag": 0,
            "kmag": 0.5645208208063073,
            "real": -0.8254188287628126
          }
    }
}
