{
  "pose": {
    "x": 1769.108137099537,
    "y": 562.9791034439933
  },
  "extra": {
      "quat": {
            "imag": 0,
            "jmag": 0,
            "kmag": 0.07708545101343306,
            "real": 0.9970244897905246
          }
    }
}
