{
  "pose": {
    "x": 258.6175046507456,
    "y": 57.54693461467384
  },
  "extra": {
      "quat": {
            "imag": 0,
            "jmag": 0,
            "kmag": 0.06710154945844006,
            "real": 0.997746151112735
          }
    }
}
