{
  "pose": {
    "x": -73329.77888771935,
    "y": 9687.3724237193
  },
  "extra": {
      "quat": {
            "imag": 0,
            "jmag": 0,
            "kmag": -0.8407747711104658,
            "real": -0.5413850609909215
          }
    }
}
