{
  "pose": {
    "x": -57032.55252847868,
    "y": -30064.172015321794
  },
  "extra": {
      "quat": {
            "imag": 0,
            "jmag": 0,
            "kmag": -0.9397543821238321,
            "real": -0.3418504077503122
          }
    }
}
