{
  "pose": {
    "x": -69092.23313093418,
    "y": -38687.73278895369
  },
  "extra": {
      "quat": {
            "imag": 0,
            "jmag": 0,
            "kmag": -0.971289355585145,
            "real": -0.2379012142192511
          }
    }
}
