{
  "pose": {
    "x": -74034.27859957129,
    "y": -4846.545492817365
  },
  "extra": {
      "quat": {
            "imag": 0,
            "jmag": 0,
            "kmag": -0.150785824110796,
            "real": 0.9885664546439092
          }
    }
}
