{
  "pose": {
    "x": -58854.58727465176,
    "y": -28708.14973552068
  },
  "extra": {
      "quat": {
            "imag": 0,
            "jmag": 0,
            "kmag": -0.929057552366561,
            "real": -0.36993521647804056
          }
    }
}
