{
  "pose": {
    "x": -91609.76181934593,
    "y": -10605.530846352018
  },
  "extra": {
      "quat": {
            "imag": 0,
            "jmag": 0,
            "kmag": -0.8404474407592303,
            "real": -0.5418930700066761
          }
    }
}
