{
  "pose": {
    "x": -29198.69232879423,
    "y": -7619.987552200965
  },
  "extra": {
      "quat": {
            "imag": 0,
            "jmag": 0,
            "kmag": -0.9342112427614546,
            "real": 0.35672027402167444
          }
    }
}
