{
  "pose": {
    "x": -97470.1446493703,
    "y": 3678.5611579608994
  },
  "extra": {
      "quat": {
            "imag": 0,
            "jmag": 0,
            "kmag": -0.6612148307246769,
            "real": 0.7501966059838828
          }
    }
}
