{
  "pose": {
    "x": -15548.578088840852,
    "y": -8222.58058028435
  },
  "extra": {
      "quat": {
            "imag": 0,
            "jmag": 0,
            "kmag": 0.9949488487341873,
            "real": 0.10038320777159473
          }
    }
}
