{
  "pose": {
    "x": -81084.00307591261,
    "y": -18950.9519556984
  },
  "extra": {
      "quat": {
            "imag": 0,
            "jmag": 0,
            "kmag": 0.12460126924950099,
            "real": -0.9922068956127111
          }
    }
}
