{
  "pose": {
    "x": 5.921536787524187,
    "y": 13.296696037491639
  },
  "extra": {
      "quat": {
            "imag": 0,
            "jmag": 0,
            "kmag": 0.0007489674483818071,
            "real": 0.9999997195238413
          }
    }
}
