{
  "pose": {
    "x": -73402.15619941449,
    "y": -610.678920986933
  },
  "extra": {
      "quat": {
            "imag": 0,
            "jmag": 0,
            "kmag": -0.787353228718188,
            "real": -0.6165021437327244
          }
    }
}
