{
  "pose": {
    "x": -24210.708191973907,
    "y": 3353.509917977689
  },
  "extra": {
      "quat": {
            "imag": 0,
            "jmag": 0,
            "kmag": 0.9921033184584848,
            "real": 0.1254233052652599
          }
    }
}
