{
  "pose": {
    "x": -62542.62492407185,
    "y": -31543.13306565964
  },
  "extra": {
      "quat": {
            "imag": 0,
            "jmag": 0,
            "kmag": -0.42576181539317115,
            "real": 0.904835275922149
          }
    }
}
