{
  "pose": {
    "x": -87236.38575218456,
    "y": -17821.16771390295
  },
  "extra": {
      "quat": {
            "imag": 0,
            "jmag": 0,
            "kmag": -0.8948085900585478,
            "real": -0.4464499828171501
          }
    }
}
