{
  "pose": {
    "x": -64919.980920305105,
    "y": 1581.8496474319552
  },
  "extra": {
      "quat": {
            "imag": 0,
            "jmag": 0,
            "kmag": -0.9951392272136013,
            "real": -0.09847801003633633
          }
    }
}
