{
  "pose": {
    "x": -98171.74079341859,
    "y": 21174.41134498359
  },
  "extra": {
      "quat": {
            "imag": 0,
            "jmag": 0,
            "kmag": -0.5886831705935126,
            "real": 0.8083638566016972
          }
    }
}
