{
  "pose": {
    "x": -92287.84079698696,
    "y": -3257.3505138182213
  },
  "extra": {
      "quat": {
            "imag": 0,
            "jmag": 0,
            "kmag": -0.9897307805234444,
            "real": 0.14294398233032946
          }
    }
}
