{
  "pose": {
    "x": 73.06691209147564,
    "y": 10.9331908775512
  },
  "extra": {
      "quat": {
            "imag": 0,
            "jmag": 0,
            "kmag": 0.6140880808258312,
            "real": -0.78923749846776
          }
    }
}
