{
  "pose": {
    "x": 59.95139873518901,
    "y": 1.1711169789084153
  },
  "extra": {
      "quat": {
            "imag": 0,
            "jmag": 0,
            "kmag": 0.9970881074465009,
            "real": -0.07625815358868299
          }
    }
}
