{
  "pose": {
    "x": 60.62816861862502,
    "y": -36.09476994989225
  },
  "extra": {
      "quat": {
            "imag": 0,
            "jmag": 0,
            "kmag": 0.5589917583203626,
            "real": 0.8291732111747878
          }
    }
}
