{
  "pose": {
    "x": 93.36022488904979,
    "y": -1.84206570216422
  },
  "extra": {
      "quat": {
            "imag": 0,
            "jmag": 0,
            "kmag": 0.9932169247990363,
            "real": 0.11627613810556954
          }
    }
}
