{
  "pose": {
    "x": 92.26506104325783,
    "y": -2.705975747925135
  },
  "extra": {
      "quat": {
            "imag": 0,
            "jmag": 0,
            "kmag": 0.9905900434871252,
            "real": 0.1368625797805072
          }
    }
}
