{
  "pose": {
    "x": 41.41864634432008,
    "y": -0.7906660197728749
  },
  "extra": {
      "quat": {
            "imag": 0,
            "jmag": 0,
            "kmag": 0.06724564774730452,
            "real": 0.9977364495993145
          }
    }
}
