{
  "pose": {
    "x": 74.57373360750128,
    "y": 4.994851082619604
  },
  "extra": {
      "quat": {
            "imag": 0,
            "jmag": 0,
            "kmag": 0.7067043569187997,
            "real": -0.7075089765592985
          }
    }
}
