{
  "pose": {
    "x": 23.8976018189602,
    "y": 3.3459640821771646
  },
  "extra": {
      "quat": {
            "imag": 0,
            "jmag": 0,
            "kmag": 0.10557912271704117,
            "real": 0.9944109054341169
          }
    }
}
