{
  "pose": {
    "x": -0.0038632519442226344,
    "y": 0.011557528483632291
  },
  "extra": {
      "quat": {
            "imag": 0,
            "jmag": 0,
            "kmag": -0.001177091107300157,
            "real": 0.9999993072280227
          }
    }
}
