{
  "pose": {
    "x": 72.36773311718058,
    "y": -37.354347769899356
  },
  "extra": {
      "quat": {
            "imag": 0,
            "jmag": 0,
            "kmag": 0.980717302698866,
            "real": -0.19543175838911347
          }
    }
}
