{
  "pose": {
    "x": -1.6994117555906945,
    "y": 0.5397142625216559
  },
  "extra": {
      "quat": {
            "imag": 0,
            "jmag": 0,
            "kmag": -0.07234997403762504,
            "real": 0.9973793066114591
          }
    }
}
