{
  "pose": {
    "x": 93.11976745924517,
    "y": -8.77728957678342
  },
  "extra": {
      "quat": {
            "imag": 0,
            "jmag": 0,
            "kmag": 0.7845099317966876,
            "real": -0.6201162527400461
          }
    }
}
