{
  "pose": {
    "x": 62.86461386564292,
    "y": -6.336158124081154
  },
  "extra": {
      "quat": {
            "imag": 0,
            "jmag": 0,
            "kmag": 0.12151968891424816,
            "real": 0.9925890213004496
          }
    }
}
