{
  "pose": {
    "x": 97.39575438813196,
    "y": 20.507518390487437
  },
  "extra": {
      "quat": {
            "imag": 0,
            "jmag": 0,
            "kmag": 0.18705621925168364,
            "real": 0.9823492102298786
          }
    }
}
