{
  "pose": {
    "x": 91.44636541607515,
    "y": -12.312137801934444
  },
  "extra": {
      "quat": {
            "imag": 0,
            "jmag": 0,
            "kmag": -0.5563179363482756,
            "real": -0.8309695263348685
          }
    }
}
