{
  "pose": {
    "x": 84.80934658148594,
    "y": -18.124708479706975
  },
  "extra": {
      "quat": {
            "imag": 0,
            "jmag": 0,
            "kmag": -0.06193256307257251,
            "real": -0.998080336261196
          }
    }
}
