{
  "pose": {
    "x": 57.39115400038695,
    "y": -29.550778451618697
  },
  "extra": {
      "quat": {
            "imag": 0,
            "jmag": 0,
            "kmag": 0.93689130543302,
            "real": -0.34962076855360286
          }
    }
}
