{
  "pose": {
    "x": 79.51345757172145,
    "y": -12.047820713309374
  },
  "extra": {
      "quat": {
            "imag": 0,
            "jmag": 0,
            "kmag": 0.19062414964911223,
            "real": -0.9816630957566618
          }
    }
}
