{
  "pose": {
    "x": 0.006081046568884492,
    "y": 0.0038765767175799664
  },
  "extra": {
      "quat": {
            "imag": 0,
            "jmag": 0,
            "kmag": -0.006968278399708861,
            "real": 0.9999757212533433
          }
    }
}
