{
  "pose": {
    "x": 63.45724464896709,
    "y": -20.92072244855922
  },
  "extra": {
      "quat": {
            "imag": 0,
            "jmag": 0,
            "kmag": 0.5007065497324378,
            "real": 0.8656170926310536
          }
    }
}
