{
  "pose": {
    "x": 59.121706293251236,
    "y": -28.33896952560287
  },
  "extra": {
      "quat": {
            "imag": 0,
            "jmag": 0,
            "kmag": 0.9253563289501917,
            "real": -0.37909848914473987
          }
    }
}
